family,method,model,n_runs,source_train,target_train,weight_compute,alignment_train,TOTAL
Feature-Based,WDGRL_tsw,RNN,9,0.0,13.639156493444412,3.9054444237586315e-05,0.0,13.63919554788865
Feature-Based,WDGRL_tsw,LSTM,9,0.0,14.68296676999954,4.0720999903795826e-05,0.0,14.683007490999444
Feature-Based,WDGRL_tsw,Transformer,9,0.0,19.756535325333566,3.812666667120842e-05,0.0,19.75657345200024
Feature-Based,WDGRL_tsbw,RNN,9,0.0,13.7474667773329,5.181300002732314e-05,0.0,13.747518590332927
Feature-Based,WDGRL_tsbw,LSTM,9,0.0,14.61801094088878,4.8600889082687594e-05,0.0,14.618059541777862
Feature-Based,WDGRL_tsbw,Transformer,9,0.0,19.73857311966721,5.038566693353156e-05,0.0,19.73862350533414
Feature-Based,WDGRL_none,RNN,9,0.0,13.551571258999806,0.0,0.0,13.551571258999806
Feature-Based,WDGRL_none,LSTM,9,0.0,14.442536346110906,0.0,0.0,14.442536346110906
Feature-Based,WDGRL_none,Transformer,9,0.0,19.640132606444038,0.0,0.0,19.640132606444038
Feature-Based,PRED_tsw,RNN,9,1.435364033888618,3.1950218121110083,0.0004924566670119889,0.0,4.6308783026666385
Feature-Based,PRED_tsw,LSTM,9,1.6653225385554025,3.6632109885556727,0.0005006252223311555,0.0,5.329034152333406
Feature-Based,PRED_tsw,Transformer,9,2.7306317065558687,5.816295333222216,0.0002850964443091444,0.0,8.547212136222393
Feature-Based,PRED_tsbw,RNN,9,1.426522768556121,3.1754093685556453,0.00043706588884454445,0.0,4.6023692030006105
Feature-Based,PRED_tsbw,LSTM,9,1.6657891128888878,3.6615906335553317,0.0004872963331257667,0.0,5.327867042777346
Feature-Based,PRED_tsbw,Transformer,9,2.72121086477758,5.792215843111181,0.00026008422234246665,0.0,8.513686792111104
Feature-Based,PRED_none,RNN,9,1.4178122422223776,2.9417295861108466,0.0,0.0,4.359541828333224
Feature-Based,PRED_none,LSTM,9,1.6729074977778913,3.4481539654445643,0.0,0.0,5.121061463222456
Feature-Based,PRED_none,Transformer,9,2.7326310227777464,5.570001797444598,0.0,0.0,8.302632820222344
Feature-Based,DeepMMD_tsw,RNN,9,0.0,4.291497761555648,4.206711087641047e-05,0.0,4.291539828666525
Feature-Based,DeepMMD_tsw,LSTM,9,0.0,4.780690745332929,4.1880333406475577e-05,0.0,4.780732625666335
Feature-Based,DeepMMD_tsw,Transformer,9,0.0,6.857319221444211,4.1794000329294555e-05,0.0,6.857361015444541
Feature-Based,DeepMMD_tsbw,RNN,9,0.0,4.269147020444507,4.7776777945627044e-05,0.0,4.269194797222452
Feature-Based,DeepMMD_tsbw,LSTM,9,0.0,4.7943951052220655,5.0051444203644576e-05,0.0,4.794445156666269
Feature-Based,DeepMMD_tsbw,Transformer,9,0.0,6.831503630889226,4.719633337420722e-05,0.0,6.8315508272226
Feature-Based,DeepMMD_none,RNN,9,0.0,4.1642993501114285,0.0,0.0,4.1642993501114285
Feature-Based,DeepMMD_none,LSTM,9,0.0,4.663069028555886,0.0,0.0,4.663069028555886
Feature-Based,DeepMMD_none,Transformer,9,0.0,6.667943502000223,0.0,0.0,6.667943502000223
Feature-Based,CORAL_tsbw,RNN,9,0.0,3.1728524173330594,0.0008134173339283889,0.0,3.173665834666988
Feature-Based,CORAL_tsbw,LSTM,9,0.0,3.6923538577779658,0.000812591000188411,0.0,3.6931664487781544
Feature-Based,CORAL_tsbw,Transformer,9,0.0,5.875415114222253,0.0008303946661827111,0.0,5.876245508888435
Feature-Based,FA_tsbw,RNN,9,0.0,3.2307684924445415,0.00021256300028144444,0.0,3.230981055444823
Feature-Based,FA_tsbw,LSTM,9,0.0,3.699510432555447,0.00021408611125171113,0.0,3.6997245186666987
Feature-Based,FA_tsbw,Transformer,9,0.0,5.827623590111317,0.0002086793332030111,0.0,5.82783226944452
Feature-Based,FA_tsw,RNN,9,0.0,3.192957425222226,0.00022633166655494443,0.0,3.193183756888781
Feature-Based,FA_tsw,LSTM,9,0.0,3.670449670555374,0.00022247166654976665,0.0,3.6706721422219237
Feature-Based,FA_tsw,Transformer,9,0.0,5.826142775222252,0.000224358778117,0.0,5.826367134000368
Feature-Based,CORAL_tsw,RNN,9,0.0,3.182775851778489,0.0008228835554796333,0.0,3.1835987353339683
Feature-Based,CORAL_tsw,LSTM,9,0.0,3.6946785889999267,0.0008338755552459221,0.0,3.695512464555173
Feature-Based,CORAL_tsw,Transformer,9,0.0,5.817367521555854,0.0008329386663616333,0.0,5.818200460222215
Feature-Based,FA_none,RNN,9,0.0,2.9213522217772456,0.0,0.0,2.9213522217772456
Feature-Based,FA_none,LSTM,9,0.0,3.453530350000316,0.0,0.0,3.453530350000316
Feature-Based,FA_none,Transformer,9,0.0,5.583930172000085,0.0,0.0,5.583930172000085
Feature-Based,CORAL_none,RNN,9,0.0,2.9337059909998464,0.0017965097779071443,0.0,2.9355025007777535
Feature-Based,CORAL_none,LSTM,9,0.0,3.4330540174446975,0.0005611508887441666,0.0,3.4336151683334415
Feature-Based,CORAL_none,Transformer,9,0.0,5.5689311902222265,0.000585022111004489,0.0,5.569516212333231
Feature-Based,CCSA_tsw,RNN,9,0.0,2.7654301223337825,4.291199972309793e-05,0.0,2.7654730343335054
Feature-Based,CCSA_tsw,LSTM,9,0.0,3.3134523493334,4.3924889016327346e-05,0.0,3.313496274222416
Feature-Based,CCSA_tsw,Transformer,9,0.0,5.291300785555803,4.3820222547057914e-05,0.0,5.291344605778351
Feature-Based,CCSA_tsbw,RNN,9,0.0,2.795194183332973,5.0153555599131825e-05,0.0,2.7952443368885724
Feature-Based,CCSA_tsbw,LSTM,9,0.0,3.3330812057776913,4.929511083496941e-05,0.0,3.3331305008885264
Feature-Based,CCSA_tsbw,Transformer,9,0.0,5.275651286333515,5.648433357742356e-05,0.0,5.2757077706670925
Feature-Based,DeepCORAL_tsbw,RNN,9,0.0,2.6150618032220843,5.096933333940493e-05,0.0,2.6151127725554235
Feature-Based,DeepCORAL_tsbw,LSTM,9,0.0,3.2038350309996733,5.1301221901667304e-05,0.0,3.203886332221575
Feature-Based,DeepCORAL_tsbw,Transformer,9,0.0,5.12151450977803,5.1698333158532885e-05,0.0,5.121566208111188
Feature-Based,CCSA_none,RNN,9,0.0,2.607947972444486,0.0,0.0,2.607947972444486
Feature-Based,CCSA_none,LSTM,9,0.0,3.1304164961111383,0.0,0.0,3.1304164961111383
Feature-Based,CCSA_none,Transformer,9,0.0,5.090583404110981,0.0,0.0,5.090583404110981
Feature-Based,DeepCORAL_tsw,RNN,9,0.0,2.6303344207782278,4.435755545273423e-05,0.0,2.6303787783336805
Feature-Based,DeepCORAL_tsw,LSTM,9,0.0,3.174261796666744,4.2611444061751375e-05,0.0,3.174304408110806
Feature-Based,DeepCORAL_tsw,Transformer,9,0.0,5.079081666666955,4.494333330108525e-05,0.0,5.079126610000255
Feature-Based,DeepCORAL_none,RNN,9,0.0,2.462648603111221,0.0,0.0,2.462648603111221
Feature-Based,DeepCORAL_none,LSTM,9,0.0,3.0053380104446763,0.0,0.0,3.0053380104446763
Feature-Based,DeepCORAL_none,Transformer,9,0.0,4.881088134888866,0.0,0.0,4.881088134888866
Instance-Based,ULSIF+TSW,RNN,9,0.0,3.143149289666528,0.48244401600004494,0.0,3.625593305666573
Instance-Based,ULSIF+TSW,LSTM,9,0.0,3.631987005999892,0.17706566588882802,0.0,3.80905267188872
Instance-Based,ULSIF+TSW,Transformer,9,0.0,5.745333451110936,0.9299503355554811,0.0,6.675283786666417
Instance-Based,KMM+TSBW,RNN,9,0.0,3.1069637247778195,0.8475350718886653,0.0,3.954498796666485
Instance-Based,KMM+TSBW,LSTM,9,0.0,3.620983603333318,0.8359726493332952,0.0,4.456956252666613
Instance-Based,KMM+TSBW,Transformer,9,0.0,5.803458935333462,0.8600216940000488,0.0,6.6634806293335105
Instance-Based,KMM+TSW,RNN,9,0.0,3.114873182444373,0.8322771827778424,0.0,3.9471503652222157
Instance-Based,KMM+TSW,LSTM,9,0.0,3.5908558508890565,0.8362666916665249,0.0,4.427122542555582
Instance-Based,KMM+TSW,Transformer,9,0.0,5.797747772555542,0.8556810177780991,0.0,6.653428790333641
Instance-Based,KMM,RNN,9,0.0,3.1402091596665844,0.847045792666601,0.0,3.9872549523331853
Instance-Based,KMM,LSTM,9,0.0,3.6142234434444416,0.8323490585553373,0.0,4.446572501999778
Instance-Based,KMM,Transformer,9,0.0,5.7189339478889245,0.8449062116664613,0.0,6.563840159555387
Instance-Based,RULSIF+TSBW,RNN,9,0.0,3.1243898654445528,0.30540746144439856,0.0,3.4297973268889512
Instance-Based,RULSIF+TSBW,LSTM,9,0.0,3.628104877444356,0.6550914964443816,0.0,4.283196373888738
Instance-Based,RULSIF+TSBW,Transformer,9,0.0,5.831722590333407,0.5294578749999346,0.0,6.361180465333342
Instance-Based,ULSIF+TSBW,RNN,9,0.0,3.1248192002221913,0.2847732628888479,0.0,3.4095924631110393
Instance-Based,ULSIF+TSBW,LSTM,9,0.0,3.6793626373333206,0.08103971922203826,0.0,3.7604023565553586
Instance-Based,ULSIF+TSBW,Transformer,9,0.0,5.8226236157778555,0.41624932799994796,0.0,6.238872943777803
Instance-Based,ULSIF,RNN,9,0.0,3.1711055697775614,0.49184101388881474,0.0,3.6629465836663764
Instance-Based,ULSIF,LSTM,9,0.0,3.634917017333363,0.5280068503333395,0.0,4.162923867666702
Instance-Based,ULSIF,Transformer,9,0.0,5.789674443333246,0.38510310677762993,0.0,6.174777550110877
Instance-Based,RULSIF,RNN,9,0.0,3.1612397921110946,0.3203859914444062,0.0,3.4816257835555007
Instance-Based,RULSIF,LSTM,9,0.0,3.669593276889019,0.07939082600003321,0.0,3.748984102889052
Instance-Based,RULSIF,Transformer,9,0.0,5.805495215222436,0.3298432606668737,0.0,6.135338475889309
Instance-Based,RULSIF+TSW,RNN,9,0.0,3.1277408705553977,0.5556594355556526,0.0,3.6834003061110505
Instance-Based,RULSIF+TSW,LSTM,9,0.0,3.637696682110901,0.24123125688877017,0.0,3.8789279389996714
Instance-Based,RULSIF+TSW,Transformer,9,0.0,5.794228532111244,0.3073847073331611,0.0,6.101613239444406
Instance-Based,IWC,RNN,9,0.0,3.114035012111041,0.002796419777546822,0.0,3.116831431888588
Instance-Based,IWC,LSTM,9,0.0,3.6373110617778366,0.0016304064443425001,0.0,3.6389414682221792
Instance-Based,IWC,Transformer,9,0.0,5.895053989222207,0.0017027311111329222,0.0,5.8967567203333395
Instance-Based,TrAdaBoostR2,RNN,9,0.0,3.114289661888708,0.00876435677784881,0.0,3.123054018666557
Instance-Based,TrAdaBoostR2,LSTM,9,0.0,3.6364465016667964,0.008880275888865644,0.0,3.645326777555662
Instance-Based,TrAdaBoostR2,Transformer,9,0.0,5.790010501555622,0.008851563333337212,0.0,5.798862064888959
Instance-Based,IWC+TSW,RNN,9,0.0,3.1202818950000113,0.0017467519999424664,0.0,3.122028646999954
Instance-Based,IWC+TSW,LSTM,9,0.0,3.652552829777859,0.0018239462223289889,0.0,3.654376776000188
Instance-Based,IWC+TSW,Transformer,9,0.0,5.793926025333349,0.0017860854444127331,0.0,5.795712110777761
Instance-Based,IWC+TSBW,RNN,9,0.0,3.118619603666553,0.0017851906665479,0.0,3.120404794333101
Instance-Based,IWC+TSBW,LSTM,9,0.0,3.6225775647776066,0.0017626347775552777,0.0,3.624340199555162
Instance-Based,IWC+TSBW,Transformer,9,0.0,5.793697401777738,0.0018063639997004447,0.0,5.795503765777438
Instance-Based,Baseline,RNN,9,0.0,2.8986541166667745,0.0,0.0,2.8986541166667745
Instance-Based,Baseline,LSTM,9,0.0,3.3918028628887544,0.0,0.0,3.3918028628887544
Instance-Based,Baseline,Transformer,9,0.0,5.532787387444437,0.0,0.0,5.532787387444437
Instance-Based,Target-Only,RNN,9,0.0,1.516416394333343,0.0,0.0,1.516416394333343
Instance-Based,Target-Only,LSTM,9,0.0,1.7360941788888846,0.0,0.0,1.7360941788888846
Instance-Based,Target-Only,Transformer,9,0.0,2.8646267828889904,0.0,0.0,2.8646267828889904
Parameter-Based,Target-Priority Joint FT (tsw),RNN,9,0.0,3.2790304196666713,0.0003171844443587889,0.0,3.27934760411103
Parameter-Based,Target-Priority Joint FT (tsw),LSTM,9,0.0,3.7853100998889,0.0003428668888873778,0.0,3.7856529667777874
Parameter-Based,Target-Priority Joint FT (tsw),Transformer,9,0.0,6.067455938444356,0.0003244845554743,0.0,6.06778042299983
Parameter-Based,Label-Aware Pretrain to Target FT (tsw),RNN,9,1.6445740036666494,1.5264301882220934,0.00018964633343577776,0.0,3.1711938382221785
Parameter-Based,Label-Aware Pretrain to Target FT (tsw),LSTM,9,1.9348792064444449,1.7951456291111754,0.00018613566675813333,0.0,3.7302109712223785
Parameter-Based,Label-Aware Pretrain to Target FT (tsw),Transformer,9,3.0704354875555913,2.960543171999992,0.0001973142221787,0.0,6.031175973777762
Parameter-Based,Label-Aware Joint FT (tsbw),RNN,9,0.0,3.229353293444395,0.0003128281111659556,0.0,3.229666121555561
Parameter-Based,Label-Aware Joint FT (tsbw),LSTM,9,0.0,3.8106383197778086,0.00030207955559384444,0.0,3.8109403993334023
Parameter-Based,Label-Aware Joint FT (tsbw),Transformer,9,0.0,6.007457922333338,0.0003072140000565222,0.0,6.007765136333394
Parameter-Based,Label-Aware Pretrain to Target FT (tsbw),RNN,9,1.6622013274444118,1.5293141400000725,0.00019541088891446667,0.0,3.191710878333399
Parameter-Based,Label-Aware Pretrain to Target FT (tsbw),LSTM,9,1.9281548260000312,1.8224347899999884,0.00020427644439116667,0.0,3.750793892444411
Parameter-Based,Label-Aware Pretrain to Target FT (tsbw),Transformer,9,3.073549293444456,2.8986933400000856,0.00021343822214065557,0.0,5.972456071666683
Parameter-Based,Label-Aware Joint FT (tsw),RNN,9,0.0,3.2396250540000437,0.00032594044442800003,0.0,3.239950994444472
Parameter-Based,Label-Aware Joint FT (tsw),LSTM,9,0.0,3.7593387433334,0.0003103905554679334,0.0,3.759649133888868
Parameter-Based,Label-Aware Joint FT (tsw),Transformer,9,0.0,5.9621048879999865,0.0003030467777433222,0.0,5.96240793477773
Parameter-Based,Target-Priority Joint FT (tsbw),RNN,9,0.0,3.227174473333283,0.0003182006666974667,0.0,3.2274926739999805
Parameter-Based,Target-Priority Joint FT (tsbw),LSTM,9,0.0,3.7439135494444398,0.00031402144446064444,0.0,3.7442275708889006
Parameter-Based,Target-Priority Joint FT (tsbw),Transformer,9,0.0,5.9164606896667165,0.0003328754445040222,0.0,5.91679356511122
Parameter-Based,Thresholded Label-Aware FT (tsbw),RNN,9,0.0,3.1946797745553743,0.00033909166667293335,0.0,3.1950188662220476
Parameter-Based,Thresholded Label-Aware FT (tsbw),LSTM,9,0.0,3.7342773766667454,0.0003506060000088333,0.0,3.7346279826667543
Parameter-Based,Thresholded Label-Aware FT (tsbw),Transformer,9,0.0,5.8586246977777385,0.0003371665556085889,0.0,5.858961864333348
Parameter-Based,Joint-Training,RNN,9,0.0,2.9786416297777376,0.0,0.0,2.9786416297777376
Parameter-Based,Joint-Training,LSTM,9,0.0,3.4974962476666303,0.0,0.0,3.4974962476666303
Parameter-Based,Joint-Training,Transformer,9,0.0,5.822970624222257,0.0,0.0,5.822970624222257
Parameter-Based,Thresholded Label-Aware FT (tsw),RNN,9,0.0,2.8069434066666066,0.000338827333356,0.0,2.8072822339999624
Parameter-Based,Thresholded Label-Aware FT (tsw),LSTM,9,0.0,3.2423918817777726,0.0003313563334409,0.0,3.2427232381112137
Parameter-Based,Thresholded Label-Aware FT (tsw),Transformer,9,0.0,5.1361315784445445,0.00035060088890124445,0.0,5.136482179333446
Parameter-Based,LinInt (alpha=0.00),RNN,9,1.5305799413333463,0.8340397163333869,0.0,0.0,2.3646196576667333
Parameter-Based,LinInt (alpha=0.00),LSTM,9,1.8013450291111641,1.000119305999912,0.0,0.0,2.801464335111076
Parameter-Based,LinInt (alpha=0.00),Transformer,9,2.9248249792222953,1.6302418365556453,0.0,0.0,4.55506681577794
Parameter-Based,LinInt (alpha=0.25),RNN,9,1.5305799413333463,0.8340397163333869,0.0,0.0,2.3646196576667333
Parameter-Based,LinInt (alpha=0.25),LSTM,9,1.8013450291111641,1.000119305999912,0.0,0.0,2.801464335111076
Parameter-Based,LinInt (alpha=0.25),Transformer,9,2.9248249792222953,1.6302418365556453,0.0,0.0,4.55506681577794
Parameter-Based,LinInt (alpha=0.50),RNN,9,1.5305799413333463,0.8340397163333869,0.0,0.0,2.3646196576667333
Parameter-Based,LinInt (alpha=0.50),LSTM,9,1.8013450291111641,1.000119305999912,0.0,0.0,2.801464335111076
Parameter-Based,LinInt (alpha=0.50),Transformer,9,2.9248249792222953,1.6302418365556453,0.0,0.0,4.55506681577794
Parameter-Based,LinInt (alpha=0.75),RNN,9,1.5305799413333463,0.8340397163333869,0.0,0.0,2.3646196576667333
Parameter-Based,LinInt (alpha=0.75),LSTM,9,1.8013450291111641,1.000119305999912,0.0,0.0,2.801464335111076
Parameter-Based,LinInt (alpha=0.75),Transformer,9,2.9248249792222953,1.6302418365556453,0.0,0.0,4.55506681577794
Parameter-Based,LinInt (alpha=1.00),RNN,9,1.5305799413333463,0.8340397163333869,0.0,0.0,2.3646196576667333
Parameter-Based,LinInt (alpha=1.00),LSTM,9,1.8013450291111641,1.000119305999912,0.0,0.0,2.801464335111076
Parameter-Based,LinInt (alpha=1.00),Transformer,9,2.9248249792222953,1.6302418365556453,0.0,0.0,4.55506681577794
Parameter-Based,Label-Aware Source Training (tsw),RNN,9,1.676848882333464,0.0,0.00020148011112214445,0.0,1.6770503624445863
Parameter-Based,Label-Aware Source Training (tsw),LSTM,9,1.9111827268888595,0.0,0.00019217244446025555,0.0,1.91137489933332
Parameter-Based,Label-Aware Source Training (tsw),Transformer,9,3.0694511050000477,0.0,0.00020485055549413335,0.0,3.069655955555542
Parameter-Based,Label-Aware Source Training (tsbw),RNN,9,1.6689463794445045,0.0,0.00018702755561302224,0.0,1.6691334070001176
Parameter-Based,Label-Aware Source Training (tsbw),LSTM,9,1.9389809986666176,0.0,0.0002003545555452889,0.0,1.939181353222163
Parameter-Based,Label-Aware Source Training (tsbw),Transformer,9,3.0068313773332296,0.0,0.00020041355547714443,0.0,3.0070317908887065
Parameter-Based,Thresholded Label-Aware Source Training (tsbw),RNN,9,1.6553098035555094,0.0,0.00021136744448484445,0.0,1.6555211709999942
Parameter-Based,Thresholded Label-Aware Source Training (tsbw),LSTM,9,1.887529303333243,0.0,0.00020868955546874443,0.0,1.887737992888712
Parameter-Based,Thresholded Label-Aware Source Training (tsbw),Transformer,9,2.982655914666642,0.0,0.00022600488889812224,0.0,2.98288191955554
Parameter-Based,Target-Only,RNN,9,0.0,1.5675789912220859,0.0,0.0,1.5675789912220859
Parameter-Based,Target-Only,LSTM,9,0.0,1.8105261341111145,0.0,0.0,1.8105261341111145
Parameter-Based,Target-Only,Transformer,9,0.0,2.9236764992222866,0.0,0.0,2.9236764992222866
Parameter-Based,Full-Fine-Tuning,RNN,9,0.0,1.5764312556666988,0.0,0.0,1.5764312556666988
Parameter-Based,Full-Fine-Tuning,LSTM,9,0.0,1.8099217522221807,0.0,0.0,1.8099217522221807
Parameter-Based,Full-Fine-Tuning,Transformer,9,0.0,2.891211150666651,0.0,0.0,2.891211150666651
Parameter-Based,Thresholded Label-Aware Source Training (tsw),RNN,9,1.2437450876666643,0.0,0.00020959355555932223,0.0,1.2439546812222235
Parameter-Based,Thresholded Label-Aware Source Training (tsw),LSTM,9,1.3864638392221624,0.0,0.00020483999999966666,0.0,1.3866686792221623
Parameter-Based,Thresholded Label-Aware Source Training (tsw),Transformer,9,2.180949028777781,0.0,0.00023252833337506667,0.0,2.1811815571111564
Parameter-Based,Partial-FT-First,RNN,9,0.0,1.5695155407777546,0.0,0.0,1.5695155407777546
Parameter-Based,Partial-FT-First,LSTM,9,0.0,1.8209660708888704,0.0,0.0,1.8209660708888704
Parameter-Based,Partial-FT-Last,RNN,9,0.0,1.56212053422213,0.0,0.0,1.56212053422213
Parameter-Based,Partial-FT-Last,LSTM,9,0.0,1.8189379711110532,0.0,0.0,1.8189379711110532
Parameter-Based,Feature-Extraction,RNN,9,0.0,0.9867021493333191,0.0,0.0,0.9867021493333191
Parameter-Based,Feature-Extraction,LSTM,9,0.0,1.0173738181111327,0.0,0.0,1.0173738181111327
Parameter-Based,Feature-Extraction,Transformer,9,0.0,1.4500024023333633,0.0,0.0,1.4500024023333633
Parameter-Based,Direct-Transfer,RNN,9,0.0,0.0,0.0,0.0,0.0
Parameter-Based,Direct-Transfer,LSTM,9,0.0,0.0,0.0,0.0,0.0
Parameter-Based,Direct-Transfer,Transformer,9,0.0,0.0,0.0,0.0,0.0
Parameter-Based,Source Model + Target Calibration,RNN,9,0.0,0.0,0.0,0.0,0.0
Parameter-Based,Source Model + Target Calibration,LSTM,9,0.0,0.0,0.0,0.0,0.0
Parameter-Based,Source Model + Target Calibration,Transformer,9,0.0,0.0,0.0,0.0,0.0
Parameter-Based,Source-to-Target Linear Mapping,RNN,9,0.0,0.0,0.0,0.0,0.0
Parameter-Based,Source-to-Target Linear Mapping,LSTM,9,0.0,0.0,0.0,0.0,0.0
Parameter-Based,Source-to-Target Linear Mapping,Transformer,9,0.0,0.0,0.0,0.0,0.0
